italic,samples,accuracy,accuracy_%
0,116206,0.40392062371994564,40.39
1,50328,0.10425608011444921,10.43
