Model,accuracy,Macro F1,Weighted_F1
Naive Bayes,0.3133594341095512,0.16686531361483908,0.3114372104579698
Naive Bayes + PCA,0.395378721462284,0.2723915024148278,0.3997553571505875
