strength_range,samples,accuracy,accuracy_%
0.0-0.2,0,,
0.2-0.4,0,,
0.4-0.6,114924,0.40024711983571754,40.02
0.6-0.8,51610,0.11987986824258864,11.99
0.8-1.0,0,,
