italic,samples,accuracy,accuracy_%
0,116206,0.5712958022821542,57.13
1,50328,0.26152439993641713,26.15
