Model,accuracy,Macro F1,Weighted_F1
Logistic Regression,0.4776802334658388,0.3363497733267168,0.45624224487458903
Logistic Regression + PCA,0.46265026961461325,0.31337299219068704,0.43622299679428916
