italic,samples,accuracy,accuracy_%
0,116206,0.7834277059704318,78.34
1,50328,0.5341559370529327,53.42
