Model,accuracy,Macro F1,Weighted_F1
Random Forest,0.7080956441327296,0.6004198791567728,0.6977744474232971
Random Forest + PCA,0.6333061116648853,0.5247999485155606,0.6151941801233353
