italic,samples,accuracy,accuracy_%
0,116206,0.510395332426897,51.04
1,50328,0.1789659831505325,17.9
