Model,accuracy,Macro F1,Weighted_F1
SVM,0.41023454669917253,0.22657656034107512,0.35216282989460357
SVM + PCA,0.3861613844620318,0.18406019286442932,0.31728078866114134
