strength_range,samples,accuracy,accuracy_%
0.0-0.2,0,,
0.2-0.4,0,,
0.4-0.6,114924,0.5142180919564234,51.42
0.6-0.8,51610,0.17868630110443712,17.87
0.8-1.0,0,,
