italic,samples,accuracy,accuracy_%
0,116206,0.5153348364112008,51.53
1,50328,0.24803290414878398,24.8
