Model,accuracy,Macro F1,Weighted_F1
Gradient Boosting,0.43455390490830703,0.29455074435722994,0.4344363952170593
Gradient Boosting + PCA,0.42082697827470666,0.28256732002189844,0.40811455504823096
