strength_range,samples,accuracy,accuracy_%
0.0-0.2,0,,
0.2-0.4,0,,
0.4-0.6,114924,0.5188211339667954,51.88
0.6-0.8,51610,0.24690951366014338,24.69
0.8-1.0,0,,
